--------------------------------------------------------
-- Archivo creado  - lunes-octubre-22-2018   
--------------------------------------------------------
DROP TABLE "EVE01"."EVE01_AREA_SERVICIO" cascade constraints;
DROP TABLE "EVE01"."EVE01_CORRELATIVO" cascade constraints;
DROP TABLE "EVE01"."EVE01_ESTADO" cascade constraints;
DROP TABLE "EVE01"."EVE01_EVENTO" cascade constraints;
DROP TABLE "EVE01"."EVE01_EVENTO_ACTUALIZACION" cascade constraints;
DROP TABLE "EVE01"."EVE01_EVENTO_OPCION" cascade constraints;
DROP TABLE "EVE01"."EVE01_INSCRIPCION" cascade constraints;
DROP TABLE "EVE01"."EVE01_INSCRIPCION_OPCION" cascade constraints;
DROP TABLE "EVE01"."EVE01_PARTICIPANTE" cascade constraints;
DROP TABLE "EVE01"."EVE01_PARTICIPANTE_SERVICIO" cascade constraints;
DROP TABLE "EVE01"."EVE01_USUARIO" cascade constraints;
--------------------------------------------------------
--  DDL for Table EVE01_AREA_SERVICIO
--------------------------------------------------------

  CREATE TABLE "EVE01"."EVE01_AREA_SERVICIO" 
   (	"AREA" NUMBER, 
	"NOMBRE" VARCHAR2(50 BYTE), 
	"ESTADO_REGISTRO" CHAR(1 BYTE), 
	"USUARIO_CREACION" VARCHAR2(100 BYTE), 
	"FECHA_CREACION" DATE, 
	"USUARIO_MODIFICACION" VARCHAR2(100 BYTE), 
	"FECHA_MODIFICACION" DATE
   ) SEGMENT CREATION DEFERRED 
  PCTFREE 10 PCTUSED 40 INITRANS 1 MAXTRANS 255 NOCOMPRESS LOGGING
  TABLESPACE "USERS" ;
--------------------------------------------------------
--  DDL for Table EVE01_CORRELATIVO
--------------------------------------------------------

  CREATE TABLE "EVE01"."EVE01_CORRELATIVO" 
   (	"CORRELATIVO" NUMBER, 
	"CORRELATIVO_DISPONIBLE" NUMBER, 
	"DESCRIPCION" VARCHAR2(150 BYTE), 
	"ESTADO_REGISTRO" CHAR(1 BYTE), 
	"USUARIO_CREACION" VARCHAR2(50 BYTE), 
	"FECHA_CREACION" DATE, 
	"USUARIO_MODIFICACION" VARCHAR2(50 BYTE), 
	"FECHA_MODIFICACION" DATE
   ) SEGMENT CREATION DEFERRED 
  PCTFREE 10 PCTUSED 40 INITRANS 1 MAXTRANS 255 NOCOMPRESS LOGGING
  TABLESPACE "USERS" ;
--------------------------------------------------------
--  DDL for Table EVE01_ESTADO
--------------------------------------------------------

  CREATE TABLE "EVE01"."EVE01_ESTADO" 
   (	"ESTADO" CHAR(1 BYTE), 
	"DESCRIPCION" VARCHAR2(25 BYTE), 
	"USUARIO_CREACION" VARCHAR2(100 BYTE), 
	"FECHA_CREACION" DATE
   ) SEGMENT CREATION IMMEDIATE 
  PCTFREE 10 PCTUSED 40 INITRANS 1 MAXTRANS 255 NOCOMPRESS LOGGING
  STORAGE(INITIAL 65536 NEXT 1048576 MINEXTENTS 1 MAXEXTENTS 2147483645
  PCTINCREASE 0 FREELISTS 1 FREELIST GROUPS 1 BUFFER_POOL DEFAULT FLASH_CACHE DEFAULT CELL_FLASH_CACHE DEFAULT)
  TABLESPACE "USERS" ;
--------------------------------------------------------
--  DDL for Table EVE01_EVENTO
--------------------------------------------------------

  CREATE TABLE "EVE01"."EVE01_EVENTO" 
   (	"EVENTO" NUMBER, 
	"NOMBRE_EVENTO" VARCHAR2(350 BYTE), 
	"FECHA_INICIO" VARCHAR2(25 BYTE), 
	"FECHA_FIN" VARCHAR2(25 BYTE), 
	"APLICA_BUS" CHAR(1 BYTE), 
	"ESTADO_REGISTRO" CHAR(1 BYTE), 
	"USUARIO_CREACION" VARCHAR2(100 BYTE), 
	"FECHA_CREACION" DATE, 
	"USUARIO_MODIFICACION" VARCHAR2(100 BYTE), 
	"FECHA_MODIFICACION" DATE
   ) SEGMENT CREATION IMMEDIATE 
  PCTFREE 10 PCTUSED 40 INITRANS 1 MAXTRANS 255 NOCOMPRESS LOGGING
  STORAGE(INITIAL 65536 NEXT 1048576 MINEXTENTS 1 MAXEXTENTS 2147483645
  PCTINCREASE 0 FREELISTS 1 FREELIST GROUPS 1 BUFFER_POOL DEFAULT FLASH_CACHE DEFAULT CELL_FLASH_CACHE DEFAULT)
  TABLESPACE "USERS" ;
--------------------------------------------------------
--  DDL for Table EVE01_EVENTO_ACTUALIZACION
--------------------------------------------------------

  CREATE TABLE "EVE01"."EVE01_EVENTO_ACTUALIZACION" 
   (	"EVENTO" NUMBER, 
	"PARTICIPANTE" NUMBER, 
	"ESTADO_REGISTO" CHAR(1 BYTE), 
	"USUARIO_CREACION" VARCHAR2(100 BYTE), 
	"FECHA_CREACION" DATE
   ) SEGMENT CREATION IMMEDIATE 
  PCTFREE 10 PCTUSED 40 INITRANS 1 MAXTRANS 255 NOCOMPRESS LOGGING
  STORAGE(INITIAL 65536 NEXT 1048576 MINEXTENTS 1 MAXEXTENTS 2147483645
  PCTINCREASE 0 FREELISTS 1 FREELIST GROUPS 1 BUFFER_POOL DEFAULT FLASH_CACHE DEFAULT CELL_FLASH_CACHE DEFAULT)
  TABLESPACE "USERS" ;
--------------------------------------------------------
--  DDL for Table EVE01_EVENTO_OPCION
--------------------------------------------------------

  CREATE TABLE "EVE01"."EVE01_EVENTO_OPCION" 
   (	"OPCION" NUMBER, 
	"EVENTO" NUMBER, 
	"DESCRIPCION" VARCHAR2(300 BYTE), 
	"PRECIO" NUMBER, 
	"OBLIGATORIO" CHAR(1 BYTE), 
	"ES_TRANSPORTE" CHAR(1 BYTE), 
	"ESTADO_REGISTRO" CHAR(1 BYTE), 
	"USUARIO_CREACION" VARCHAR2(100 BYTE), 
	"FECHA_CREACION" DATE, 
	"USUARIO_MODIFICACION" VARCHAR2(100 BYTE), 
	"FECHA_MODIFICACION" DATE
   ) SEGMENT CREATION IMMEDIATE 
  PCTFREE 10 PCTUSED 40 INITRANS 1 MAXTRANS 255 NOCOMPRESS LOGGING
  STORAGE(INITIAL 65536 NEXT 1048576 MINEXTENTS 1 MAXEXTENTS 2147483645
  PCTINCREASE 0 FREELISTS 1 FREELIST GROUPS 1 BUFFER_POOL DEFAULT FLASH_CACHE DEFAULT CELL_FLASH_CACHE DEFAULT)
  TABLESPACE "USERS" ;
--------------------------------------------------------
--  DDL for Table EVE01_INSCRIPCION
--------------------------------------------------------

  CREATE TABLE "EVE01"."EVE01_INSCRIPCION" 
   (	"EVENTO" NUMBER, 
	"PARTICIPANTE" NUMBER, 
	"FECHA_INSCRIPCION" DATE, 
	"ESTADO_REGISTRO" CHAR(1 BYTE), 
	"USUARIO_CREACION" VARCHAR2(100 BYTE), 
	"FECHA_CREACION" DATE, 
	"USUARIO_MODIFICACION" VARCHAR2(100 BYTE), 
	"FECHA_MODIFICACION" DATE
   ) SEGMENT CREATION IMMEDIATE 
  PCTFREE 10 PCTUSED 40 INITRANS 1 MAXTRANS 255 NOCOMPRESS LOGGING
  STORAGE(INITIAL 65536 NEXT 1048576 MINEXTENTS 1 MAXEXTENTS 2147483645
  PCTINCREASE 0 FREELISTS 1 FREELIST GROUPS 1 BUFFER_POOL DEFAULT FLASH_CACHE DEFAULT CELL_FLASH_CACHE DEFAULT)
  TABLESPACE "USERS" ;
--------------------------------------------------------
--  DDL for Table EVE01_INSCRIPCION_OPCION
--------------------------------------------------------

  CREATE TABLE "EVE01"."EVE01_INSCRIPCION_OPCION" 
   (	"PARTICIPANTE" NUMBER, 
	"EVENTO" NUMBER, 
	"OPCION" NUMBER, 
	"ESTADO_REGISTRO" CHAR(1 BYTE), 
	"USUARIO_CREACION" VARCHAR2(100 BYTE), 
	"FECHA_CREACION" DATE, 
	"USUARIO_MODIFICACION" VARCHAR2(100 BYTE), 
	"FECHA_MODIFICACION" DATE
   ) SEGMENT CREATION IMMEDIATE 
  PCTFREE 10 PCTUSED 40 INITRANS 1 MAXTRANS 255 NOCOMPRESS LOGGING
  STORAGE(INITIAL 65536 NEXT 1048576 MINEXTENTS 1 MAXEXTENTS 2147483645
  PCTINCREASE 0 FREELISTS 1 FREELIST GROUPS 1 BUFFER_POOL DEFAULT FLASH_CACHE DEFAULT CELL_FLASH_CACHE DEFAULT)
  TABLESPACE "USERS" ;
--------------------------------------------------------
--  DDL for Table EVE01_PARTICIPANTE
--------------------------------------------------------

  CREATE TABLE "EVE01"."EVE01_PARTICIPANTE" 
   (	"PARTICIPANTE" NUMBER, 
	"NOMBRE" VARCHAR2(250 BYTE), 
	"APELLIDO" VARCHAR2(250 BYTE), 
	"DIRECCION" VARCHAR2(500 BYTE), 
	"TELEFONO" VARCHAR2(25 BYTE), 
	"CORREO" VARCHAR2(100 BYTE), 
	"TALLA" VARCHAR2(10 BYTE), 
	"GENERO" CHAR(1 BYTE), 
	"FECHA_NACIMIENTO" DATE, 
	"ALERJICO" CHAR(1 BYTE), 
	"OBSERVACIONES" VARCHAR2(2500 BYTE), 
	"ESTADO_REGISTRO" CHAR(1 BYTE), 
	"USUARIO_CREACION" VARCHAR2(100 BYTE), 
	"FECHA_CREACION" DATE, 
	"USUARIO_MODIFICACION" VARCHAR2(100 BYTE), 
	"FECHA_MODIFICACION" DATE
   ) SEGMENT CREATION IMMEDIATE 
  PCTFREE 10 PCTUSED 40 INITRANS 1 MAXTRANS 255 NOCOMPRESS LOGGING
  STORAGE(INITIAL 65536 NEXT 1048576 MINEXTENTS 1 MAXEXTENTS 2147483645
  PCTINCREASE 0 FREELISTS 1 FREELIST GROUPS 1 BUFFER_POOL DEFAULT FLASH_CACHE DEFAULT CELL_FLASH_CACHE DEFAULT)
  TABLESPACE "USERS" ;
--------------------------------------------------------
--  DDL for Table EVE01_PARTICIPANTE_SERVICIO
--------------------------------------------------------

  CREATE TABLE "EVE01"."EVE01_PARTICIPANTE_SERVICIO" 
   (	"PARTICIPANTE" NUMBER, 
	"AREA_SERVICIO" NUMBER, 
	"ESTADO_REGISTRO" CHAR(1 BYTE), 
	"USUARIO_CREACION" VARCHAR2(100 BYTE), 
	"FECHA_CREACION" DATE, 
	"USUARIO_MODIFICACION" VARCHAR2(100 BYTE), 
	"FECHA_MODIFICACION" DATE
   ) SEGMENT CREATION DEFERRED 
  PCTFREE 10 PCTUSED 40 INITRANS 1 MAXTRANS 255 NOCOMPRESS LOGGING
  TABLESPACE "USERS" ;
--------------------------------------------------------
--  DDL for Table EVE01_USUARIO
--------------------------------------------------------

  CREATE TABLE "EVE01"."EVE01_USUARIO" 
   (	"USUARIO" VARCHAR2(50 BYTE), 
	"NOMBRE" VARCHAR2(150 BYTE), 
	"DESCRIPCION" VARCHAR2(100 BYTE), 
	"PASSWORD" VARCHAR2(250 BYTE), 
	"EMAIL" VARCHAR2(128 BYTE), 
	"ESTADO_REGISTRO" CHAR(1 BYTE), 
	"USUARIO_CREACION" VARCHAR2(100 BYTE), 
	"FECHA_CREACION" DATE, 
	"USUARIO_MODIFICACION" VARCHAR2(100 BYTE), 
	"FECHA_MODIFICACION" DATE
   ) SEGMENT CREATION IMMEDIATE 
  PCTFREE 10 PCTUSED 40 INITRANS 1 MAXTRANS 255 NOCOMPRESS LOGGING
  STORAGE(INITIAL 65536 NEXT 1048576 MINEXTENTS 1 MAXEXTENTS 2147483645
  PCTINCREASE 0 FREELISTS 1 FREELIST GROUPS 1 BUFFER_POOL DEFAULT FLASH_CACHE DEFAULT CELL_FLASH_CACHE DEFAULT)
  TABLESPACE "USERS" ;
REM INSERTING into EVE01.EVE01_AREA_SERVICIO
SET DEFINE OFF;
REM INSERTING into EVE01.EVE01_CORRELATIVO
SET DEFINE OFF;
REM INSERTING into EVE01.EVE01_ESTADO
SET DEFINE OFF;
Insert into EVE01.EVE01_ESTADO (ESTADO,DESCRIPCION,USUARIO_CREACION,FECHA_CREACION) values ('A','ACTIVO','EVE01',to_date('16/10/2018','DD/MM/RRRR'));
Insert into EVE01.EVE01_ESTADO (ESTADO,DESCRIPCION,USUARIO_CREACION,FECHA_CREACION) values ('B','INACTIVO','EVE01',to_date('16/10/2018','DD/MM/RRRR'));
REM INSERTING into EVE01.EVE01_EVENTO
SET DEFINE OFF;
Insert into EVE01.EVE01_EVENTO (EVENTO,NOMBRE_EVENTO,FECHA_INICIO,FECHA_FIN,APLICA_BUS,ESTADO_REGISTRO,USUARIO_CREACION,FECHA_CREACION,USUARIO_MODIFICACION,FECHA_MODIFICACION) values (1,'RETIRO DE JOVENES - SANTIAGO ATITLAN','14/12/2016','18/12/2016',null,'B','EYOL',to_date('23/10/2016','DD/MM/RRRR'),'EYOL',to_date('23/06/2017','DD/MM/RRRR'));
Insert into EVE01.EVE01_EVENTO (EVENTO,NOMBRE_EVENTO,FECHA_INICIO,FECHA_FIN,APLICA_BUS,ESTADO_REGISTRO,USUARIO_CREACION,FECHA_CREACION,USUARIO_MODIFICACION,FECHA_MODIFICACION) values (2,'ORFANATO 2017','04/01/2017','04/01/2017',null,'B','EYOL',to_date('22/01/2017','DD/MM/RRRR'),'EYOL',to_date('20/06/2017','DD/MM/RRRR'));
Insert into EVE01.EVE01_EVENTO (EVENTO,NOMBRE_EVENTO,FECHA_INICIO,FECHA_FIN,APLICA_BUS,ESTADO_REGISTRO,USUARIO_CREACION,FECHA_CREACION,USUARIO_MODIFICACION,FECHA_MODIFICACION) values (3,'RETIRO NACIONAL DE JOVENES CIUDAD GUATEMALA 2017','30/06/2017','02/07/2017',null,'B','EYOL',to_date('20/06/2017','DD/MM/RRRR'),'EYOL',to_date('18/10/2017','DD/MM/RRRR'));
Insert into EVE01.EVE01_EVENTO (EVENTO,NOMBRE_EVENTO,FECHA_INICIO,FECHA_FIN,APLICA_BUS,ESTADO_REGISTRO,USUARIO_CREACION,FECHA_CREACION,USUARIO_MODIFICACION,FECHA_MODIFICACION) values (4,'RETIRO DE JOVENES - SANTIAGO ATITLAN 2017','01/12/2017','31/12/2017',null,'A','EYOL',to_date('15/10/2017','DD/MM/RRRR'),null,null);
REM INSERTING into EVE01.EVE01_EVENTO_ACTUALIZACION
SET DEFINE OFF;
Insert into EVE01.EVE01_EVENTO_ACTUALIZACION (EVENTO,PARTICIPANTE,ESTADO_REGISTO,USUARIO_CREACION,FECHA_CREACION) values (4,1,'A','EYOL',to_date('23/11/2017','DD/MM/RRRR'));
REM INSERTING into EVE01.EVE01_EVENTO_OPCION
SET DEFINE OFF;
Insert into EVE01.EVE01_EVENTO_OPCION (OPCION,EVENTO,DESCRIPCION,PRECIO,OBLIGATORIO,ES_TRANSPORTE,ESTADO_REGISTRO,USUARIO_CREACION,FECHA_CREACION,USUARIO_MODIFICACION,FECHA_MODIFICACION) values (1,1,'PARTICIPACION',225,'S','N','A','EYOL',to_date('23/10/2016','DD/MM/RRRR'),'EYOL',to_date('22/11/2016','DD/MM/RRRR'));
Insert into EVE01.EVE01_EVENTO_OPCION (OPCION,EVENTO,DESCRIPCION,PRECIO,OBLIGATORIO,ES_TRANSPORTE,ESTADO_REGISTRO,USUARIO_CREACION,FECHA_CREACION,USUARIO_MODIFICACION,FECHA_MODIFICACION) values (2,1,'TRANSPORTE',180,'N','S','A','EYOL',to_date('23/10/2016','DD/MM/RRRR'),'EYOL',to_date('20/11/2016','DD/MM/RRRR'));
Insert into EVE01.EVE01_EVENTO_OPCION (OPCION,EVENTO,DESCRIPCION,PRECIO,OBLIGATORIO,ES_TRANSPORTE,ESTADO_REGISTRO,USUARIO_CREACION,FECHA_CREACION,USUARIO_MODIFICACION,FECHA_MODIFICACION) values (3,1,'OFRENDA - HOSPEDAJE',25,'S','N','A','EYOL',to_date('23/10/2016','DD/MM/RRRR'),null,null);
Insert into EVE01.EVE01_EVENTO_OPCION (OPCION,EVENTO,DESCRIPCION,PRECIO,OBLIGATORIO,ES_TRANSPORTE,ESTADO_REGISTRO,USUARIO_CREACION,FECHA_CREACION,USUARIO_MODIFICACION,FECHA_MODIFICACION) values (4,1,'ALIMENTACION',250,'N','N','A','EYOL',to_date('23/10/2016','DD/MM/RRRR'),null,null);
Insert into EVE01.EVE01_EVENTO_OPCION (OPCION,EVENTO,DESCRIPCION,PRECIO,OBLIGATORIO,ES_TRANSPORTE,ESTADO_REGISTRO,USUARIO_CREACION,FECHA_CREACION,USUARIO_MODIFICACION,FECHA_MODIFICACION) values (5,2,'PARTICIPACION',40,'S','N','A','EYOL',to_date('22/01/2017','DD/MM/RRRR'),null,null);
Insert into EVE01.EVE01_EVENTO_OPCION (OPCION,EVENTO,DESCRIPCION,PRECIO,OBLIGATORIO,ES_TRANSPORTE,ESTADO_REGISTRO,USUARIO_CREACION,FECHA_CREACION,USUARIO_MODIFICACION,FECHA_MODIFICACION) values (6,3,'INSCRIPCION',125,'N','N','A','EYOL',to_date('20/06/2017','DD/MM/RRRR'),null,null);
Insert into EVE01.EVE01_EVENTO_OPCION (OPCION,EVENTO,DESCRIPCION,PRECIO,OBLIGATORIO,ES_TRANSPORTE,ESTADO_REGISTRO,USUARIO_CREACION,FECHA_CREACION,USUARIO_MODIFICACION,FECHA_MODIFICACION) values (7,3,'PLAYERA',30,'N','N','A','EYOL',to_date('24/06/2017','DD/MM/RRRR'),null,null);
Insert into EVE01.EVE01_EVENTO_OPCION (OPCION,EVENTO,DESCRIPCION,PRECIO,OBLIGATORIO,ES_TRANSPORTE,ESTADO_REGISTRO,USUARIO_CREACION,FECHA_CREACION,USUARIO_MODIFICACION,FECHA_MODIFICACION) values (8,4,'PARTICIPACION',250,'S','N','A','EYOL',to_date('15/10/2017','DD/MM/RRRR'),'EYOL',to_date('22/10/2017','DD/MM/RRRR'));
Insert into EVE01.EVE01_EVENTO_OPCION (OPCION,EVENTO,DESCRIPCION,PRECIO,OBLIGATORIO,ES_TRANSPORTE,ESTADO_REGISTRO,USUARIO_CREACION,FECHA_CREACION,USUARIO_MODIFICACION,FECHA_MODIFICACION) values (9,4,'TRANSPORTE',200,'N','S','A','EYOL',to_date('15/10/2017','DD/MM/RRRR'),'EYOL',to_date('08/11/2017','DD/MM/RRRR'));
Insert into EVE01.EVE01_EVENTO_OPCION (OPCION,EVENTO,DESCRIPCION,PRECIO,OBLIGATORIO,ES_TRANSPORTE,ESTADO_REGISTRO,USUARIO_CREACION,FECHA_CREACION,USUARIO_MODIFICACION,FECHA_MODIFICACION) values (10,4,'HOSPEDAJE',25,'N','N','A','EYOL',to_date('15/10/2017','DD/MM/RRRR'),null,null);
Insert into EVE01.EVE01_EVENTO_OPCION (OPCION,EVENTO,DESCRIPCION,PRECIO,OBLIGATORIO,ES_TRANSPORTE,ESTADO_REGISTRO,USUARIO_CREACION,FECHA_CREACION,USUARIO_MODIFICACION,FECHA_MODIFICACION) values (11,4,'ALIMENTACION',250,'N','N','A','EYOL',to_date('15/10/2017','DD/MM/RRRR'),null,null);
REM INSERTING into EVE01.EVE01_INSCRIPCION
SET DEFINE OFF;
REM INSERTING into EVE01.EVE01_INSCRIPCION_OPCION
SET DEFINE OFF;
REM INSERTING into EVE01.EVE01_PARTICIPANTE
SET DEFINE OFF;
Insert into EVE01.EVE01_PARTICIPANTE (PARTICIPANTE,NOMBRE,APELLIDO,DIRECCION,TELEFONO,CORREO,TALLA,GENERO,FECHA_NACIMIENTO,ALERJICO,OBSERVACIONES,ESTADO_REGISTRO,USUARIO_CREACION,FECHA_CREACION,USUARIO_MODIFICACION,FECHA_MODIFICACION) values (1,'ERIK RONALDO','YOL PATZAN',null,'41845037',null,'XXL','M',to_date('29/04/1985','DD/MM/RRRR'),null,null,'A','OLEMUS',to_date('22/11/2017','DD/MM/RRRR'),null,null);
Insert into EVE01.EVE01_PARTICIPANTE (PARTICIPANTE,NOMBRE,APELLIDO,DIRECCION,TELEFONO,CORREO,TALLA,GENERO,FECHA_NACIMIENTO,ALERJICO,OBSERVACIONES,ESTADO_REGISTRO,USUARIO_CREACION,FECHA_CREACION,USUARIO_MODIFICACION,FECHA_MODIFICACION) values (2,'OSMAN GABDIEL','LEMUS',null,'41845037',null,'L','M',to_date('29/04/1985','DD/MM/RRRR'),null,null,'A','EYOL',to_date('22/11/2017','DD/MM/RRRR'),null,null);
REM INSERTING into EVE01.EVE01_PARTICIPANTE_SERVICIO
SET DEFINE OFF;
REM INSERTING into EVE01.EVE01_USUARIO
SET DEFINE OFF;
Insert into EVE01.EVE01_USUARIO (USUARIO,NOMBRE,DESCRIPCION,PASSWORD,EMAIL,ESTADO_REGISTRO,USUARIO_CREACION,FECHA_CREACION,USUARIO_MODIFICACION,FECHA_MODIFICACION) values ('OLEMUS','Osman Lemus',null,'aDzrZFS7M9ktLAwpqsnVJP5aIxMjxNW8rw3FzRwkW9KEnAMIIKBSJ0CPN9CcbTpOrcbc+FNpbCXmMNgYVo3zYuTeJvp+gyVh484E2DYMXDuAJA==',null,'A','EVE01',to_date('21/11/2017','DD/MM/RRRR'),null,null);
Insert into EVE01.EVE01_USUARIO (USUARIO,NOMBRE,DESCRIPCION,PASSWORD,EMAIL,ESTADO_REGISTRO,USUARIO_CREACION,FECHA_CREACION,USUARIO_MODIFICACION,FECHA_MODIFICACION) values ('EYOL','Erik Yol',null,'aDzrZFS7M9ktLAwpqsnVJP5aIxMjxNW8rw3FzRwkW9KEnAMIIKBSJ0CPN9CcbTpOrcbc+FNpbCXmMNgYVo3zYuTeJvp+gyVh484E2DYMXDuAJA==',null,'A','EVE01',to_date('01/11/2017','DD/MM/RRRR'),null,null);
--------------------------------------------------------
--  DDL for Index EV_PK
--------------------------------------------------------

  CREATE UNIQUE INDEX "EVE01"."EV_PK" ON "EVE01"."EVE01_EVENTO" ("EVENTO") 
  PCTFREE 10 INITRANS 2 MAXTRANS 255 COMPUTE STATISTICS 
  STORAGE(INITIAL 65536 NEXT 1048576 MINEXTENTS 1 MAXEXTENTS 2147483645
  PCTINCREASE 0 FREELISTS 1 FREELIST GROUPS 1 BUFFER_POOL DEFAULT FLASH_CACHE DEFAULT CELL_FLASH_CACHE DEFAULT)
  TABLESPACE "USERS" ;
--------------------------------------------------------
--  DDL for Index INSC_OP_PK
--------------------------------------------------------

  CREATE UNIQUE INDEX "EVE01"."INSC_OP_PK" ON "EVE01"."EVE01_INSCRIPCION_OPCION" ("PARTICIPANTE", "EVENTO", "OPCION") 
  PCTFREE 10 INITRANS 2 MAXTRANS 255 COMPUTE STATISTICS 
  STORAGE(INITIAL 65536 NEXT 1048576 MINEXTENTS 1 MAXEXTENTS 2147483645
  PCTINCREASE 0 FREELISTS 1 FREELIST GROUPS 1 BUFFER_POOL DEFAULT FLASH_CACHE DEFAULT CELL_FLASH_CACHE DEFAULT)
  TABLESPACE "USERS" ;
--------------------------------------------------------
--  DDL for Index INSC_PK
--------------------------------------------------------

  CREATE UNIQUE INDEX "EVE01"."INSC_PK" ON "EVE01"."EVE01_INSCRIPCION" ("EVENTO", "PARTICIPANTE") 
  PCTFREE 10 INITRANS 2 MAXTRANS 255 COMPUTE STATISTICS 
  STORAGE(INITIAL 65536 NEXT 1048576 MINEXTENTS 1 MAXEXTENTS 2147483645
  PCTINCREASE 0 FREELISTS 1 FREELIST GROUPS 1 BUFFER_POOL DEFAULT FLASH_CACHE DEFAULT CELL_FLASH_CACHE DEFAULT)
  TABLESPACE "USERS" ;
--------------------------------------------------------
--  DDL for Index OPC_EV_PK
--------------------------------------------------------

  CREATE UNIQUE INDEX "EVE01"."OPC_EV_PK" ON "EVE01"."EVE01_EVENTO_OPCION" ("OPCION") 
  PCTFREE 10 INITRANS 2 MAXTRANS 255 COMPUTE STATISTICS 
  STORAGE(INITIAL 65536 NEXT 1048576 MINEXTENTS 1 MAXEXTENTS 2147483645
  PCTINCREASE 0 FREELISTS 1 FREELIST GROUPS 1 BUFFER_POOL DEFAULT FLASH_CACHE DEFAULT CELL_FLASH_CACHE DEFAULT)
  TABLESPACE "USERS" ;
--------------------------------------------------------
--  DDL for Index PART_PK
--------------------------------------------------------

  CREATE UNIQUE INDEX "EVE01"."PART_PK" ON "EVE01"."EVE01_PARTICIPANTE" ("PARTICIPANTE") 
  PCTFREE 10 INITRANS 2 MAXTRANS 255 COMPUTE STATISTICS 
  STORAGE(INITIAL 65536 NEXT 1048576 MINEXTENTS 1 MAXEXTENTS 2147483645
  PCTINCREASE 0 FREELISTS 1 FREELIST GROUPS 1 BUFFER_POOL DEFAULT FLASH_CACHE DEFAULT CELL_FLASH_CACHE DEFAULT)
  TABLESPACE "USERS" ;
--------------------------------------------------------
--  DDL for Index PK_ACT
--------------------------------------------------------

  CREATE UNIQUE INDEX "EVE01"."PK_ACT" ON "EVE01"."EVE01_EVENTO_ACTUALIZACION" ("EVENTO", "PARTICIPANTE") 
  PCTFREE 10 INITRANS 2 MAXTRANS 255 COMPUTE STATISTICS 
  STORAGE(INITIAL 65536 NEXT 1048576 MINEXTENTS 1 MAXEXTENTS 2147483645
  PCTINCREASE 0 FREELISTS 1 FREELIST GROUPS 1 BUFFER_POOL DEFAULT FLASH_CACHE DEFAULT CELL_FLASH_CACHE DEFAULT)
  TABLESPACE "USERS" ;
--------------------------------------------------------
--  DDL for Index PK_ASERV
--------------------------------------------------------

  CREATE UNIQUE INDEX "EVE01"."PK_ASERV" ON "EVE01"."EVE01_AREA_SERVICIO" ("AREA") 
  PCTFREE 10 INITRANS 2 MAXTRANS 255 COMPUTE STATISTICS NOCOMPRESS LOGGING
  TABLESPACE "USERS" ;
--------------------------------------------------------
--  DDL for Index PK_CORRELATIVO
--------------------------------------------------------

  CREATE UNIQUE INDEX "EVE01"."PK_CORRELATIVO" ON "EVE01"."EVE01_CORRELATIVO" ("CORRELATIVO") 
  PCTFREE 10 INITRANS 2 MAXTRANS 255 COMPUTE STATISTICS NOCOMPRESS LOGGING
  TABLESPACE "USERS" ;
--------------------------------------------------------
--  DDL for Index PK_ESTADO
--------------------------------------------------------

  CREATE UNIQUE INDEX "EVE01"."PK_ESTADO" ON "EVE01"."EVE01_ESTADO" ("ESTADO") 
  PCTFREE 10 INITRANS 2 MAXTRANS 255 COMPUTE STATISTICS 
  STORAGE(INITIAL 65536 NEXT 1048576 MINEXTENTS 1 MAXEXTENTS 2147483645
  PCTINCREASE 0 FREELISTS 1 FREELIST GROUPS 1 BUFFER_POOL DEFAULT FLASH_CACHE DEFAULT CELL_FLASH_CACHE DEFAULT)
  TABLESPACE "USERS" ;
--------------------------------------------------------
--  DDL for Index PK_PART_AREASERV
--------------------------------------------------------

  CREATE UNIQUE INDEX "EVE01"."PK_PART_AREASERV" ON "EVE01"."EVE01_PARTICIPANTE_SERVICIO" ("PARTICIPANTE", "AREA_SERVICIO") 
  PCTFREE 10 INITRANS 2 MAXTRANS 255 COMPUTE STATISTICS NOCOMPRESS LOGGING
  TABLESPACE "USERS" ;
--------------------------------------------------------
--  DDL for Index PK_USUARIO
--------------------------------------------------------

  CREATE UNIQUE INDEX "EVE01"."PK_USUARIO" ON "EVE01"."EVE01_USUARIO" ("USUARIO") 
  PCTFREE 10 INITRANS 2 MAXTRANS 255 COMPUTE STATISTICS 
  STORAGE(INITIAL 65536 NEXT 1048576 MINEXTENTS 1 MAXEXTENTS 2147483645
  PCTINCREASE 0 FREELISTS 1 FREELIST GROUPS 1 BUFFER_POOL DEFAULT FLASH_CACHE DEFAULT CELL_FLASH_CACHE DEFAULT)
  TABLESPACE "USERS" ;
--------------------------------------------------------
--  Constraints for Table EVE01_AREA_SERVICIO
--------------------------------------------------------

  ALTER TABLE "EVE01"."EVE01_AREA_SERVICIO" ADD CONSTRAINT "PK_ASERV" PRIMARY KEY ("AREA")
  USING INDEX PCTFREE 10 INITRANS 2 MAXTRANS 255 COMPUTE STATISTICS NOCOMPRESS LOGGING
  TABLESPACE "USERS"  ENABLE;
--------------------------------------------------------
--  Constraints for Table EVE01_CORRELATIVO
--------------------------------------------------------

  ALTER TABLE "EVE01"."EVE01_CORRELATIVO" ADD CONSTRAINT "PK_CORRELATIVO" PRIMARY KEY ("CORRELATIVO")
  USING INDEX PCTFREE 10 INITRANS 2 MAXTRANS 255 COMPUTE STATISTICS NOCOMPRESS LOGGING
  TABLESPACE "USERS"  ENABLE;
--------------------------------------------------------
--  Constraints for Table EVE01_ESTADO
--------------------------------------------------------

  ALTER TABLE "EVE01"."EVE01_ESTADO" ADD CONSTRAINT "PK_ESTADO" PRIMARY KEY ("ESTADO")
  USING INDEX PCTFREE 10 INITRANS 2 MAXTRANS 255 COMPUTE STATISTICS 
  STORAGE(INITIAL 65536 NEXT 1048576 MINEXTENTS 1 MAXEXTENTS 2147483645
  PCTINCREASE 0 FREELISTS 1 FREELIST GROUPS 1 BUFFER_POOL DEFAULT FLASH_CACHE DEFAULT CELL_FLASH_CACHE DEFAULT)
  TABLESPACE "USERS"  ENABLE;
--------------------------------------------------------
--  Constraints for Table EVE01_EVENTO
--------------------------------------------------------

  ALTER TABLE "EVE01"."EVE01_EVENTO" ADD CONSTRAINT "EV_PK" PRIMARY KEY ("EVENTO")
  USING INDEX PCTFREE 10 INITRANS 2 MAXTRANS 255 COMPUTE STATISTICS 
  STORAGE(INITIAL 65536 NEXT 1048576 MINEXTENTS 1 MAXEXTENTS 2147483645
  PCTINCREASE 0 FREELISTS 1 FREELIST GROUPS 1 BUFFER_POOL DEFAULT FLASH_CACHE DEFAULT CELL_FLASH_CACHE DEFAULT)
  TABLESPACE "USERS"  ENABLE;
 
  ALTER TABLE "EVE01"."EVE01_EVENTO" MODIFY ("NOMBRE_EVENTO" NOT NULL ENABLE);
 
  ALTER TABLE "EVE01"."EVE01_EVENTO" MODIFY ("FECHA_INICIO" NOT NULL ENABLE);
 
  ALTER TABLE "EVE01"."EVE01_EVENTO" MODIFY ("FECHA_FIN" NOT NULL ENABLE);
--------------------------------------------------------
--  Constraints for Table EVE01_EVENTO_ACTUALIZACION
--------------------------------------------------------

  ALTER TABLE "EVE01"."EVE01_EVENTO_ACTUALIZACION" ADD CONSTRAINT "PK_ACT" PRIMARY KEY ("EVENTO", "PARTICIPANTE")
  USING INDEX PCTFREE 10 INITRANS 2 MAXTRANS 255 COMPUTE STATISTICS 
  STORAGE(INITIAL 65536 NEXT 1048576 MINEXTENTS 1 MAXEXTENTS 2147483645
  PCTINCREASE 0 FREELISTS 1 FREELIST GROUPS 1 BUFFER_POOL DEFAULT FLASH_CACHE DEFAULT CELL_FLASH_CACHE DEFAULT)
  TABLESPACE "USERS"  ENABLE;
--------------------------------------------------------
--  Constraints for Table EVE01_EVENTO_OPCION
--------------------------------------------------------

  ALTER TABLE "EVE01"."EVE01_EVENTO_OPCION" ADD CONSTRAINT "OPC_EV_PK" PRIMARY KEY ("OPCION")
  USING INDEX PCTFREE 10 INITRANS 2 MAXTRANS 255 COMPUTE STATISTICS 
  STORAGE(INITIAL 65536 NEXT 1048576 MINEXTENTS 1 MAXEXTENTS 2147483645
  PCTINCREASE 0 FREELISTS 1 FREELIST GROUPS 1 BUFFER_POOL DEFAULT FLASH_CACHE DEFAULT CELL_FLASH_CACHE DEFAULT)
  TABLESPACE "USERS"  ENABLE;
--------------------------------------------------------
--  Constraints for Table EVE01_INSCRIPCION
--------------------------------------------------------

  ALTER TABLE "EVE01"."EVE01_INSCRIPCION" ADD CONSTRAINT "INSC_PK" PRIMARY KEY ("EVENTO", "PARTICIPANTE")
  USING INDEX PCTFREE 10 INITRANS 2 MAXTRANS 255 COMPUTE STATISTICS 
  STORAGE(INITIAL 65536 NEXT 1048576 MINEXTENTS 1 MAXEXTENTS 2147483645
  PCTINCREASE 0 FREELISTS 1 FREELIST GROUPS 1 BUFFER_POOL DEFAULT FLASH_CACHE DEFAULT CELL_FLASH_CACHE DEFAULT)
  TABLESPACE "USERS"  ENABLE;
--------------------------------------------------------
--  Constraints for Table EVE01_INSCRIPCION_OPCION
--------------------------------------------------------

  ALTER TABLE "EVE01"."EVE01_INSCRIPCION_OPCION" ADD CONSTRAINT "INSC_OP_PK" PRIMARY KEY ("PARTICIPANTE", "EVENTO", "OPCION")
  USING INDEX PCTFREE 10 INITRANS 2 MAXTRANS 255 COMPUTE STATISTICS 
  STORAGE(INITIAL 65536 NEXT 1048576 MINEXTENTS 1 MAXEXTENTS 2147483645
  PCTINCREASE 0 FREELISTS 1 FREELIST GROUPS 1 BUFFER_POOL DEFAULT FLASH_CACHE DEFAULT CELL_FLASH_CACHE DEFAULT)
  TABLESPACE "USERS"  ENABLE;
--------------------------------------------------------
--  Constraints for Table EVE01_PARTICIPANTE
--------------------------------------------------------

  ALTER TABLE "EVE01"."EVE01_PARTICIPANTE" ADD CONSTRAINT "PART_PK" PRIMARY KEY ("PARTICIPANTE")
  USING INDEX PCTFREE 10 INITRANS 2 MAXTRANS 255 COMPUTE STATISTICS 
  STORAGE(INITIAL 65536 NEXT 1048576 MINEXTENTS 1 MAXEXTENTS 2147483645
  PCTINCREASE 0 FREELISTS 1 FREELIST GROUPS 1 BUFFER_POOL DEFAULT FLASH_CACHE DEFAULT CELL_FLASH_CACHE DEFAULT)
  TABLESPACE "USERS"  ENABLE;
--------------------------------------------------------
--  Constraints for Table EVE01_PARTICIPANTE_SERVICIO
--------------------------------------------------------

  ALTER TABLE "EVE01"."EVE01_PARTICIPANTE_SERVICIO" ADD CONSTRAINT "PK_PART_AREASERV" PRIMARY KEY ("PARTICIPANTE", "AREA_SERVICIO")
  USING INDEX PCTFREE 10 INITRANS 2 MAXTRANS 255 COMPUTE STATISTICS NOCOMPRESS LOGGING
  TABLESPACE "USERS"  ENABLE;
--------------------------------------------------------
--  Constraints for Table EVE01_USUARIO
--------------------------------------------------------

  ALTER TABLE "EVE01"."EVE01_USUARIO" ADD CONSTRAINT "PK_USUARIO" PRIMARY KEY ("USUARIO")
  USING INDEX PCTFREE 10 INITRANS 2 MAXTRANS 255 COMPUTE STATISTICS 
  STORAGE(INITIAL 65536 NEXT 1048576 MINEXTENTS 1 MAXEXTENTS 2147483645
  PCTINCREASE 0 FREELISTS 1 FREELIST GROUPS 1 BUFFER_POOL DEFAULT FLASH_CACHE DEFAULT CELL_FLASH_CACHE DEFAULT)
  TABLESPACE "USERS"  ENABLE;
--------------------------------------------------------
--  Ref Constraints for Table EVE01_EVENTO_OPCION
--------------------------------------------------------

  ALTER TABLE "EVE01"."EVE01_EVENTO_OPCION" ADD CONSTRAINT "REF_EV_FK" FOREIGN KEY ("EVENTO")
	  REFERENCES "EVE01"."EVE01_EVENTO" ("EVENTO") ENABLE;
--------------------------------------------------------
--  Ref Constraints for Table EVE01_INSCRIPCION
--------------------------------------------------------

  ALTER TABLE "EVE01"."EVE01_INSCRIPCION" ADD CONSTRAINT "INSC_EV_FK" FOREIGN KEY ("EVENTO")
	  REFERENCES "EVE01"."EVE01_EVENTO" ("EVENTO") ENABLE;
 
  ALTER TABLE "EVE01"."EVE01_INSCRIPCION" ADD CONSTRAINT "INSC_PAR_FK" FOREIGN KEY ("PARTICIPANTE")
	  REFERENCES "EVE01"."EVE01_PARTICIPANTE" ("PARTICIPANTE") ENABLE;
--------------------------------------------------------
--  Ref Constraints for Table EVE01_INSCRIPCION_OPCION
--------------------------------------------------------

  ALTER TABLE "EVE01"."EVE01_INSCRIPCION_OPCION" ADD CONSTRAINT "INSC_OP_INSC_FK" FOREIGN KEY ("EVENTO", "PARTICIPANTE")
	  REFERENCES "EVE01"."EVE01_INSCRIPCION" ("EVENTO", "PARTICIPANTE") ENABLE;
 
  ALTER TABLE "EVE01"."EVE01_INSCRIPCION_OPCION" ADD CONSTRAINT "INSC_OP_OP_EV_FK" FOREIGN KEY ("OPCION")
	  REFERENCES "EVE01"."EVE01_EVENTO_OPCION" ("OPCION") ENABLE;
--------------------------------------------------------
--  Ref Constraints for Table EVE01_PARTICIPANTE_SERVICIO
--------------------------------------------------------

  ALTER TABLE "EVE01"."EVE01_PARTICIPANTE_SERVICIO" ADD CONSTRAINT "FK_AREA_AREA" FOREIGN KEY ("AREA_SERVICIO")
	  REFERENCES "EVE01"."EVE01_AREA_SERVICIO" ("AREA") ENABLE;
 
  ALTER TABLE "EVE01"."EVE01_PARTICIPANTE_SERVICIO" ADD CONSTRAINT "FK_PART_PART" FOREIGN KEY ("PARTICIPANTE")
	  REFERENCES "EVE01"."EVE01_PARTICIPANTE" ("PARTICIPANTE") ENABLE;
